<?xml version='1.0' encoding='UTF-8'?>
<shortcuts>
    <shortcut>
        <label>20342</label>
        <label2>Common Shortcut</label2>
        <defaultID>movies</defaultID>
        <icon>special://skin/extras/icons/film.png</icon>
        <action>ActivateWindow(Videos,MovieTitles)</action>
    </shortcut>
    <shortcut>
        <label>20343</label>
        <label2>Common Shortcut</label2>
        <defaultID>tvshows</defaultID>
        <icon>special://skin/extras/icons/tv.png</icon>
        <action>ActivateWindow(Videos,TVShowTitles)</action>
    </shortcut>
    <shortcut>
        <label>31103</label>
        <label2>Common Shortcut</label2>
        <defaultID>livetv</defaultID>
        <icon>special://skin/extras/icons/livetv.png</icon>
        <action>ActivateWindow(MyPVR)</action>
    </shortcut>
    <shortcut>
        <label>Footie</label>
        <label2>Common Shortcut</label2>
        <defaultID>footie</defaultID>
        <icon>special://skin/extras/icons/footie.png</icon>
        <action>ActivateWindow(Videos,VideoLibrary)</action>
    </shortcut>
    <shortcut>
        <label>Options</label>
        <label2>Common Shortcut</label2>
        <defaultID>options</defaultID>
        <icon>special://skin/extras/icons/configure.png</icon>
        <action>ActivateWindow(shutdownmenu)</action>
    </shortcut>
</shortcuts>
