<?xml version="1.0" encoding="UTF-8"?>
<addon
    id="skin.az.rz"
    version="1.3.14"
    name="AZ:RZ"
    provider-name="jurialmunkey, riza">
    <requires>
        <import addon="xbmc.gui" version="5.12.0"/>
        <import addon="script.skinshortcuts" version="0.4.0"/>
        <import addon="service.library.data.provider" version="0.1.0"/>
        <import addon="script.skin.helper.service" version="0.0.1"/>
        <import addon="script.extendedinfo" version="3.0.0"/>
        <import addon="script.globalsearch" version="5.0.0"/>
        <import addon="script.image.resource.select" version="0.0.5"/>
        <import addon="script.toolbox" version="1.0.0"/>
        <import addon="plugin.program.autocompletion" version="1.0.1"/>
        <import addon="resource.images.weathericons.white" version="0.0.6"/>
    </requires>
    <extension
    point="xbmc.gui.skin"
    defaultthemename="Textures.xbt"
    debugging="false"
    effectslowdown="1">
        <res width="1920" height="1080" aspect="16:9" default="true" folder="1080i" />
    </extension>
    <extension point="xbmc.addon.metadata">
        <summary lang="en">Clean, minimal, elegant, simple, light.</summary>
        <description lang="en">AZ: RZ is a mod of the Arctic skin created by jurialmunkey. Simple, clean and minimalistic.</description>
        <platform>all</platform>
        <license>Creative Commons Non Commercial 3.0 License</license>
        <forum>http://forum.kodi.tv/forumdisplay.php?fid=221</forum>
        <source>https://github.com/jurialmunkey/skin.az.rz</source>
        <assets>
			<icon>icon.png</icon>
			<fanart>fanart.jpg</fanart>
			<screenshot>resources/screenshot-01.jpg</screenshot>
			<screenshot>resources/screenshot-02.jpg</screenshot>
			<screenshot>resources/screenshot-03.jpg</screenshot>
			<screenshot>resources/screenshot-04.jpg</screenshot>
			<screenshot>resources/screenshot-05.jpg</screenshot>
			<screenshot>resources/screenshot-06.jpg</screenshot>
			<screenshot>resources/screenshot-07.jpg</screenshot>
			<screenshot>resources/screenshot-08.jpg</screenshot>
			<screenshot>resources/screenshot-09.jpg</screenshot>
		</assets>
    </extension>
</addon>
